location_id,sensing_datetime,sensing_date,sensing_time,direction_1,direction_2,total_of_directions
5,2026-08-07T09:25:00+00:00,2026-08-07,19:25,58,91,149
6,2026-08-07T09:25:00+00:00,2026-08-07,19:25,3,2,5
8,2026-08-07T09:25:00+00:00,2026-08-07,19:25,0,1,1
36,2026-08-07T09:25:00+00:00,2026-08-07,19:25,2,4,6
40,2026-08-07T09:25:00+00:00,2026-08-07,19:25,6,5,11
41,2026-08-07T09:25:00+00:00,2026-08-07,19:25,22,17,39
59,2026-08-07T09:25:00+00:00,2026-08-07,19:25,50,58,108
61,2026-08-07T09:25:00+00:00,2026-08-07,19:25,3,6,9
66,2026-08-07T09:25:00+00:00,2026-08-07,19:25,36,17,53
69,2026-08-07T09:25:00+00:00,2026-08-07,19:25,2,1,3
70,2026-08-07T09:25:00+00:00,2026-08-07,19:25,1,5,6
84,2026-08-07T09:25:00+00:00,2026-08-07,19:25,58,63,121
87,2026-08-07T09:25:00+00:00,2026-08-07,19:25,2,9,11
135,2026-08-07T09:25:00+00:00,2026-08-07,19:25,13,24,37
165,2026-08-07T09:25:00+00:00,2026-08-07,19:25,5,1,6
166,2026-08-07T09:25:00+00:00,2026-08-07,19:25,2,8,10
179,2026-08-07T09:25:00+00:00,2026-08-07,19:25,2,6,8
182,2026-08-07T09:25:00+00:00,2026-08-07,19:25,23,19,42
209,2026-08-07T09:25:00+00:00,2026-08-07,19:25,4,10,14
2,2026-08-07T09:25:00+00:00,2026-08-07,19:25,16,9,25
11,2026-08-07T09:25:00+00:00,2026-08-07,19:25,3,4,7
20,2026-08-07T09:25:00+00:00,2026-08-07,19:25,1,14,15
46,2026-08-07T09:25:00+00:00,2026-08-07,19:25,3,1,4
48,2026-08-07T09:25:00+00:00,2026-08-07,19:25,6,11,17
53,2026-08-07T09:25:00+00:00,2026-08-07,19:25,3,3,6
130,2026-08-07T09:25:00+00:00,2026-08-07,19:25,0,1,1
137,2026-08-07T09:25:00+00:00,2026-08-07,19:25,3,0,3
139,2026-08-07T09:25:00+00:00,2026-08-07,19:25,6,0,6
161,2026-08-07T09:25:00+00:00,2026-08-07,19:25,4,2,6
164,2026-08-07T09:25:00+00:00,2026-08-07,19:25,16,4,20
21,2026-08-07T09:25:00+00:00,2026-08-07,19:25,67,38,105
39,2026-08-07T09:25:00+00:00,2026-08-07,19:25,0,2,2
44,2026-08-07T09:25:00+00:00,2026-08-07,19:25,11,4,15
45,2026-08-07T09:25:00+00:00,2026-08-07,19:25,51,95,146
54,2026-08-07T09:25:00+00:00,2026-08-07,19:25,10,18,28
71,2026-08-07T09:25:00+00:00,2026-08-07,19:25,2,0,2
77,2026-08-07T09:25:00+00:00,2026-08-07,19:25,19,13,32
107,2026-08-07T09:25:00+00:00,2026-08-07,19:25,8,9,17
132,2026-08-07T09:25:00+00:00,2026-08-07,19:25,8,12,20
134,2026-08-07T09:25:00+00:00,2026-08-07,19:25,23,23,46
167,2026-08-07T09:25:00+00:00,2026-08-07,19:25,1,4,5
181,2026-08-07T09:25:00+00:00,2026-08-07,19:25,22,17,39
185,2026-08-07T09:25:00+00:00,2026-08-07,19:25,37,42,79
1,2026-08-07T09:25:00+00:00,2026-08-07,19:25,14,13,27
9,2026-08-07T09:25:00+00:00,2026-08-07,19:25,1,1,2
19,2026-08-07T09:25:00+00:00,2026-08-07,19:25,23,4,27
25,2026-08-07T09:25:00+00:00,2026-08-07,19:25,55,31,86
27,2026-08-07T09:25:00+00:00,2026-08-07,19:25,10,8,18
35,2026-08-07T09:25:00+00:00,2026-08-07,19:25,8,16,24
49,2026-08-07T09:25:00+00:00,2026-08-07,19:25,18,32,50
51,2026-08-07T09:25:00+00:00,2026-08-07,19:25,0,1,1
62,2026-08-07T09:25:00+00:00,2026-08-07,19:25,11,7,18
63,2026-08-07T09:25:00+00:00,2026-08-07,19:25,10,7,17
68,2026-08-07T09:25:00+00:00,2026-08-07,19:25,6,3,9
76,2026-08-07T09:25:00+00:00,2026-08-07,19:25,1,0,1
142,2026-08-07T09:25:00+00:00,2026-08-07,19:25,33,14,47
3,2026-08-07T09:25:00+00:00,2026-08-07,19:25,25,13,38
4,2026-08-07T09:25:00+00:00,2026-08-07,19:25,36,20,56
29,2026-08-07T09:25:00+00:00,2026-08-07,19:25,1,4,5
43,2026-08-07T09:25:00+00:00,2026-08-07,19:25,9,19,28
47,2026-08-07T09:25:00+00:00,2026-08-07,19:25,66,75,141
75,2026-08-07T09:25:00+00:00,2026-08-07,19:25,0,1,1
131,2026-08-07T09:25:00+00:00,2026-08-07,19:25,3,11,14
133,2026-08-07T09:25:00+00:00,2026-08-07,19:25,36,35,71
143,2026-08-07T09:25:00+00:00,2026-08-07,19:25,13,19,32
162,2026-08-07T09:25:00+00:00,2026-08-07,19:25,31,28,59
184,2026-08-07T09:25:00+00:00,2026-08-07,19:25,36,51,87
12,2026-08-07T09:25:00+00:00,2026-08-07,19:25,0,3,3
17,2026-08-07T09:25:00+00:00,2026-08-07,19:25,1,3,4
23,2026-08-07T09:25:00+00:00,2026-08-07,19:25,9,21,30
24,2026-08-07T09:25:00+00:00,2026-08-07,19:25,3,7,10
30,2026-08-07T09:25:00+00:00,2026-08-07,19:25,24,56,80
58,2026-08-07T09:25:00+00:00,2026-08-07,19:25,27,32,59
67,2026-08-07T09:25:00+00:00,2026-08-07,19:25,9,5,14
72,2026-08-07T09:25:00+00:00,2026-08-07,19:25,0,2,2
79,2026-08-07T09:25:00+00:00,2026-08-07,19:25,6,7,13
85,2026-08-07T09:25:00+00:00,2026-08-07,19:25,2,1,3
109,2026-08-07T09:25:00+00:00,2026-08-07,19:25,2,8,10
117,2026-08-07T09:25:00+00:00,2026-08-07,19:25,9,10,19
141,2026-08-07T09:25:00+00:00,2026-08-07,19:25,16,10,26
4,2026-08-07T09:24:00+00:00,2026-08-07,19:24,13,10,23
6,2026-08-07T09:24:00+00:00,2026-08-07,19:24,2,2,4
8,2026-08-07T09:24:00+00:00,2026-08-07,19:24,0,1,1
70,2026-08-07T09:24:00+00:00,2026-08-07,19:24,2,2,4
75,2026-08-07T09:24:00+00:00,2026-08-07,19:24,2,0,2
181,2026-08-07T09:24:00+00:00,2026-08-07,19:24,6,25,31
209,2026-08-07T09:24:00+00:00,2026-08-07,19:24,5,6,11
1,2026-08-07T09:24:00+00:00,2026-08-07,19:24,13,22,35
17,2026-08-07T09:24:00+00:00,2026-08-07,19:24,4,1,5
19,2026-08-07T09:24:00+00:00,2026-08-07,19:24,7,20,27
62,2026-08-07T09:24:00+00:00,2026-08-07,19:24,5,9,14
63,2026-08-07T09:24:00+00:00,2026-08-07,19:24,17,0,17
67,2026-08-07T09:24:00+00:00,2026-08-07,19:24,5,7,12
72,2026-08-07T09:24:00+00:00,2026-08-07,19:24,2,3,5
85,2026-08-07T09:24:00+00:00,2026-08-07,19:24,0,2,2
3,2026-08-07T09:24:00+00:00,2026-08-07,19:24,38,27,65
40,2026-08-07T09:24:00+00:00,2026-08-07,19:24,0,3,3
41,2026-08-07T09:24:00+00:00,2026-08-07,19:24,27,16,43
61,2026-08-07T09:24:00+00:00,2026-08-07,19:24,10,5,15
66,2026-08-07T09:24:00+00:00,2026-08-07,19:24,29,17,46
69,2026-08-07T09:24:00+00:00,2026-08-07,19:24,1,3,4
2,2026-08-07T09:24:00+00:00,2026-08-07,19:24,18,17,35
10,2026-08-07T09:24:00+00:00,2026-08-07,19:24,1,0,1
12,2026-08-07T09:24:00+00:00,2026-08-07,19:24,3,1,4
24,2026-08-07T09:24:00+00:00,2026-08-07,19:24,8,2,10
35,2026-08-07T09:24:00+00:00,2026-08-07,19:24,13,15,28
68,2026-08-07T09:24:00+00:00,2026-08-07,19:24,0,3,3
79,2026-08-07T09:24:00+00:00,2026-08-07,19:24,3,2,5
29,2026-08-07T09:24:00+00:00,2026-08-07,19:24,1,4,5
36,2026-08-07T09:24:00+00:00,2026-08-07,19:24,3,3,6
39,2026-08-07T09:24:00+00:00,2026-08-07,19:24,2,0,2
71,2026-08-07T09:24:00+00:00,2026-08-07,19:24,0,2,2
87,2026-08-07T09:24:00+00:00,2026-08-07,19:24,3,3,6
9,2026-08-07T09:24:00+00:00,2026-08-07,19:24,3,1,4
20,2026-08-07T09:24:00+00:00,2026-08-07,19:24,22,8,30
53,2026-08-07T09:24:00+00:00,2026-08-07,19:24,3,2,5
76,2026-08-07T09:24:00+00:00,2026-08-07,19:24,1,4,5
6,2026-08-07T09:23:00+00:00,2026-08-07,19:23,5,2,7
40,2026-08-07T09:23:00+00:00,2026-08-07,19:23,0,8,8
61,2026-08-07T09:23:00+00:00,2026-08-07,19:23,3,8,11
209,2026-08-07T09:23:00+00:00,2026-08-07,19:23,11,11,22
1,2026-08-07T09:23:00+00:00,2026-08-07,19:23,22,10,32
9,2026-08-07T09:23:00+00:00,2026-08-07,19:23,1,0,1
17,2026-08-07T09:23:00+00:00,2026-08-07,19:23,5,7,12
24,2026-08-07T09:23:00+00:00,2026-08-07,19:23,8,11,19
68,2026-08-07T09:23:00+00:00,2026-08-07,19:23,1,4,5
72,2026-08-07T09:23:00+00:00,2026-08-07,19:23,3,0,3
86,2026-08-07T09:23:00+00:00,2026-08-07,19:23,0,4,4
36,2026-08-07T09:23:00+00:00,2026-08-07,19:23,7,2,9
69,2026-08-07T09:23:00+00:00,2026-08-07,19:23,2,4,6
75,2026-08-07T09:23:00+00:00,2026-08-07,19:23,0,1,1
181,2026-08-07T09:23:00+00:00,2026-08-07,19:23,25,24,49
2,2026-08-07T09:23:00+00:00,2026-08-07,19:23,4,19,23
12,2026-08-07T09:23:00+00:00,2026-08-07,19:23,1,0,1
35,2026-08-07T09:23:00+00:00,2026-08-07,19:23,11,12,23
51,2026-08-07T09:23:00+00:00,2026-08-07,19:23,2,0,2
79,2026-08-07T09:23:00+00:00,2026-08-07,19:23,13,7,20
3,2026-08-07T09:23:00+00:00,2026-08-07,19:23,12,34,46
4,2026-08-07T09:23:00+00:00,2026-08-07,19:23,20,7,27
29,2026-08-07T09:23:00+00:00,2026-08-07,19:23,4,6,10
39,2026-08-07T09:23:00+00:00,2026-08-07,19:23,5,3,8
41,2026-08-07T09:23:00+00:00,2026-08-07,19:23,17,24,41
66,2026-08-07T09:23:00+00:00,2026-08-07,19:23,20,16,36
70,2026-08-07T09:23:00+00:00,2026-08-07,19:23,11,2,13
71,2026-08-07T09:23:00+00:00,2026-08-07,19:23,6,0,6
87,2026-08-07T09:23:00+00:00,2026-08-07,19:23,0,1,1
11,2026-08-07T09:23:00+00:00,2026-08-07,19:23,1,0,1
19,2026-08-07T09:23:00+00:00,2026-08-07,19:23,20,8,28
20,2026-08-07T09:23:00+00:00,2026-08-07,19:23,11,16,27
53,2026-08-07T09:23:00+00:00,2026-08-07,19:23,2,8,10
62,2026-08-07T09:23:00+00:00,2026-08-07,19:23,3,5,8
63,2026-08-07T09:23:00+00:00,2026-08-07,19:23,14,6,20
67,2026-08-07T09:23:00+00:00,2026-08-07,19:23,4,1,5
76,2026-08-07T09:23:00+00:00,2026-08-07,19:23,1,0,1
4,2026-08-07T09:22:00+00:00,2026-08-07,19:22,21,13,34
61,2026-08-07T09:22:00+00:00,2026-08-07,19:22,14,18,32
69,2026-08-07T09:22:00+00:00,2026-08-07,19:22,0,2,2
71,2026-08-07T09:22:00+00:00,2026-08-07,19:22,2,0,2
209,2026-08-07T09:22:00+00:00,2026-08-07,19:22,17,5,22
1,2026-08-07T09:22:00+00:00,2026-08-07,19:22,25,20,45
2,2026-08-07T09:22:00+00:00,2026-08-07,19:22,12,3,15
19,2026-08-07T09:22:00+00:00,2026-08-07,19:22,21,17,38
35,2026-08-07T09:22:00+00:00,2026-08-07,19:22,11,17,28
68,2026-08-07T09:22:00+00:00,2026-08-07,19:22,5,3,8
76,2026-08-07T09:22:00+00:00,2026-08-07,19:22,0,2,2
86,2026-08-07T09:22:00+00:00,2026-08-07,19:22,1,1,2
6,2026-08-07T09:22:00+00:00,2026-08-07,19:22,0,7,7
29,2026-08-07T09:22:00+00:00,2026-08-07,19:22,0,6,6
40,2026-08-07T09:22:00+00:00,2026-08-07,19:22,2,1,3
41,2026-08-07T09:22:00+00:00,2026-08-07,19:22,18,5,23
70,2026-08-07T09:22:00+00:00,2026-08-07,19:22,5,7,12
9,2026-08-07T09:22:00+00:00,2026-08-07,19:22,3,0,3
10,2026-08-07T09:22:00+00:00,2026-08-07,19:22,2,0,2
11,2026-08-07T09:22:00+00:00,2026-08-07,19:22,3,0,3
12,2026-08-07T09:22:00+00:00,2026-08-07,19:22,3,2,5
20,2026-08-07T09:22:00+00:00,2026-08-07,19:22,2,16,18
24,2026-08-07T09:22:00+00:00,2026-08-07,19:22,11,15,26
53,2026-08-07T09:22:00+00:00,2026-08-07,19:22,4,4,8
3,2026-08-07T09:22:00+00:00,2026-08-07,19:22,13,12,25
8,2026-08-07T09:22:00+00:00,2026-08-07,19:22,0,1,1
36,2026-08-07T09:22:00+00:00,2026-08-07,19:22,2,4,6
66,2026-08-07T09:22:00+00:00,2026-08-07,19:22,18,31,49
87,2026-08-07T09:22:00+00:00,2026-08-07,19:22,1,5,6
181,2026-08-07T09:22:00+00:00,2026-08-07,19:22,23,20,43
17,2026-08-07T09:22:00+00:00,2026-08-07,19:22,7,1,8
51,2026-08-07T09:22:00+00:00,2026-08-07,19:22,1,1,2
62,2026-08-07T09:22:00+00:00,2026-08-07,19:22,7,2,9
63,2026-08-07T09:22:00+00:00,2026-08-07,19:22,9,4,13
67,2026-08-07T09:22:00+00:00,2026-08-07,19:22,3,3,6
72,2026-08-07T09:22:00+00:00,2026-08-07,19:22,0,1,1
79,2026-08-07T09:22:00+00:00,2026-08-07,19:22,7,3,10
85,2026-08-07T09:22:00+00:00,2026-08-07,19:22,1,0,1
4,2026-08-07T09:21:00+00:00,2026-08-07,19:21,30,19,49
36,2026-08-07T09:21:00+00:00,2026-08-07,19:21,0,1,1
40,2026-08-07T09:21:00+00:00,2026-08-07,19:21,0,3,3
69,2026-08-07T09:21:00+00:00,2026-08-07,19:21,0,8,8
70,2026-08-07T09:21:00+00:00,2026-08-07,19:21,5,3,8
87,2026-08-07T09:21:00+00:00,2026-08-07,19:21,0,2,2
181,2026-08-07T09:21:00+00:00,2026-08-07,19:21,18,25,43
209,2026-08-07T09:21:00+00:00,2026-08-07,19:21,13,9,22
1,2026-08-07T09:21:00+00:00,2026-08-07,19:21,19,13,32
19,2026-08-07T09:21:00+00:00,2026-08-07,19:21,20,15,35
62,2026-08-07T09:21:00+00:00,2026-08-07,19:21,12,4,16
76,2026-08-07T09:21:00+00:00,2026-08-07,19:21,0,1,1
3,2026-08-07T09:21:00+00:00,2026-08-07,19:21,43,35,78
6,2026-08-07T09:21:00+00:00,2026-08-07,19:21,4,1,5
29,2026-08-07T09:21:00+00:00,2026-08-07,19:21,0,7,7
39,2026-08-07T09:21:00+00:00,2026-08-07,19:21,0,2,2
41,2026-08-07T09:21:00+00:00,2026-08-07,19:21,13,15,28
61,2026-08-07T09:21:00+00:00,2026-08-07,19:21,4,7,11
2,2026-08-07T09:21:00+00:00,2026-08-07,19:21,1,8,9
9,2026-08-07T09:21:00+00:00,2026-08-07,19:21,4,0,4
11,2026-08-07T09:21:00+00:00,2026-08-07,19:21,2,1,3
17,2026-08-07T09:21:00+00:00,2026-08-07,19:21,2,5,7
20,2026-08-07T09:21:00+00:00,2026-08-07,19:21,13,16,29
51,2026-08-07T09:21:00+00:00,2026-08-07,19:21,5,1,6
67,2026-08-07T09:21:00+00:00,2026-08-07,19:21,4,8,12
72,2026-08-07T09:21:00+00:00,2026-08-07,19:21,2,7,9
79,2026-08-07T09:21:00+00:00,2026-08-07,19:21,4,6,10
66,2026-08-07T09:21:00+00:00,2026-08-07,19:21,19,40,59
10,2026-08-07T09:21:00+00:00,2026-08-07,19:21,1,0,1
12,2026-08-07T09:21:00+00:00,2026-08-07,19:21,4,0,4
24,2026-08-07T09:21:00+00:00,2026-08-07,19:21,10,4,14
35,2026-08-07T09:21:00+00:00,2026-08-07,19:21,5,16,21
53,2026-08-07T09:21:00+00:00,2026-08-07,19:21,5,3,8
63,2026-08-07T09:21:00+00:00,2026-08-07,19:21,5,6,11
68,2026-08-07T09:21:00+00:00,2026-08-07,19:21,1,2,3
21,2026-08-07T09:20:00+00:00,2026-08-07,19:20,49,38,87
36,2026-08-07T09:20:00+00:00,2026-08-07,19:20,7,0,7
39,2026-08-07T09:20:00+00:00,2026-08-07,19:20,0,3,3
59,2026-08-07T09:20:00+00:00,2026-08-07,19:20,36,38,74
66,2026-08-07T09:20:00+00:00,2026-08-07,19:20,26,19,45
69,2026-08-07T09:20:00+00:00,2026-08-07,19:20,6,1,7
87,2026-08-07T09:20:00+00:00,2026-08-07,19:20,0,1,1
131,2026-08-07T09:20:00+00:00,2026-08-07,19:20,8,2,10
143,2026-08-07T09:20:00+00:00,2026-08-07,19:20,15,18,33
167,2026-08-07T09:20:00+00:00,2026-08-07,19:20,2,3,5
182,2026-08-07T09:20:00+00:00,2026-08-07,19:20,17,41,58
209,2026-08-07T09:20:00+00:00,2026-08-07,19:20,4,12,16
1,2026-08-07T09:20:00+00:00,2026-08-07,19:20,13,6,19
10,2026-08-07T09:20:00+00:00,2026-08-07,19:20,1,1,2
12,2026-08-07T09:20:00+00:00,2026-08-07,19:20,3,2,5
24,2026-08-07T09:20:00+00:00,2026-08-07,19:20,3,18,21
30,2026-08-07T09:20:00+00:00,2026-08-07,19:20,31,47,78
35,2026-08-07T09:20:00+00:00,2026-08-07,19:20,10,12,22
48,2026-08-07T09:20:00+00:00,2026-08-07,19:20,6,15,21
67,2026-08-07T09:20:00+00:00,2026-08-07,19:20,10,5,15
86,2026-08-07T09:20:00+00:00,2026-08-07,19:20,5,0,5
130,2026-08-07T09:20:00+00:00,2026-08-07,19:20,4,4,8
5,2026-08-07T09:20:00+00:00,2026-08-07,19:20,43,79,122
6,2026-08-07T09:20:00+00:00,2026-08-07,19:20,2,0,2
44,2026-08-07T09:20:00+00:00,2026-08-07,19:20,7,12,19
45,2026-08-07T09:20:00+00:00,2026-08-07,19:20,66,84,150
61,2026-08-07T09:20:00+00:00,2026-08-07,19:20,12,9,21
70,2026-08-07T09:20:00+00:00,2026-08-07,19:20,4,5,9
118,2026-08-07T09:20:00+00:00,2026-08-07,19:20,0,1,1
132,2026-08-07T09:20:00+00:00,2026-08-07,19:20,18,14,32
134,2026-08-07T09:20:00+00:00,2026-08-07,19:20,39,28,67
166,2026-08-07T09:20:00+00:00,2026-08-07,19:20,3,3,6
179,2026-08-07T09:20:00+00:00,2026-08-07,19:20,4,5,9
184,2026-08-07T09:20:00+00:00,2026-08-07,19:20,74,60,134
2,2026-08-07T09:20:00+00:00,2026-08-07,19:20,9,6,15
9,2026-08-07T09:20:00+00:00,2026-08-07,19:20,1,0,1
11,2026-08-07T09:20:00+00:00,2026-08-07,19:20,12,1,13
19,2026-08-07T09:20:00+00:00,2026-08-07,19:20,14,18,32
20,2026-08-07T09:20:00+00:00,2026-08-07,19:20,23,6,29
23,2026-08-07T09:20:00+00:00,2026-08-07,19:20,17,12,29
46,2026-08-07T09:20:00+00:00,2026-08-07,19:20,2,1,3
53,2026-08-07T09:20:00+00:00,2026-08-07,19:20,15,2,17
58,2026-08-07T09:20:00+00:00,2026-08-07,19:20,45,33,78
62,2026-08-07T09:20:00+00:00,2026-08-07,19:20,2,6,8
68,2026-08-07T09:20:00+00:00,2026-08-07,19:20,3,1,4
79,2026-08-07T09:20:00+00:00,2026-08-07,19:20,5,0,5
109,2026-08-07T09:20:00+00:00,2026-08-07,19:20,8,16,24
117,2026-08-07T09:20:00+00:00,2026-08-07,19:20,8,18,26
139,2026-08-07T09:20:00+00:00,2026-08-07,19:20,3,1,4
141,2026-08-07T09:20:00+00:00,2026-08-07,19:20,7,14,21
142,2026-08-07T09:20:00+00:00,2026-08-07,19:20,46,27,73
161,2026-08-07T09:20:00+00:00,2026-08-07,19:20,1,3,4
3,2026-08-07T09:20:00+00:00,2026-08-07,19:20,19,40,59
4,2026-08-07T09:20:00+00:00,2026-08-07,19:20,29,18,47
29,2026-08-07T09:20:00+00:00,2026-08-07,19:20,0,4,4
40,2026-08-07T09:20:00+00:00,2026-08-07,19:20,3,0,3
41,2026-08-07T09:20:00+00:00,2026-08-07,19:20,29,19,48
43,2026-08-07T09:20:00+00:00,2026-08-07,19:20,6,25,31
47,2026-08-07T09:20:00+00:00,2026-08-07,19:20,62,66,128
54,2026-08-07T09:20:00+00:00,2026-08-07,19:20,24,14,38
71,2026-08-07T09:20:00+00:00,2026-08-07,19:20,1,0,1
77,2026-08-07T09:20:00+00:00,2026-08-07,19:20,11,16,27
84,2026-08-07T09:20:00+00:00,2026-08-07,19:20,63,75,138
107,2026-08-07T09:20:00+00:00,2026-08-07,19:20,3,10,13
133,2026-08-07T09:20:00+00:00,2026-08-07,19:20,52,35,87
135,2026-08-07T09:20:00+00:00,2026-08-07,19:20,34,20,54
162,2026-08-07T09:20:00+00:00,2026-08-07,19:20,33,18,51
165,2026-08-07T09:20:00+00:00,2026-08-07,19:20,5,4,9
181,2026-08-07T09:20:00+00:00,2026-08-07,19:20,11,19,30
185,2026-08-07T09:20:00+00:00,2026-08-07,19:20,57,65,122
17,2026-08-07T09:20:00+00:00,2026-08-07,19:20,9,2,11
25,2026-08-07T09:20:00+00:00,2026-08-07,19:20,40,21,61
27,2026-08-07T09:20:00+00:00,2026-08-07,19:20,7,7,14
49,2026-08-07T09:20:00+00:00,2026-08-07,19:20,24,31,55
51,2026-08-07T09:20:00+00:00,2026-08-07,19:20,4,0,4
63,2026-08-07T09:20:00+00:00,2026-08-07,19:20,6,12,18
76,2026-08-07T09:20:00+00:00,2026-08-07,19:20,0,1,1
85,2026-08-07T09:20:00+00:00,2026-08-07,19:20,3,0,3
164,2026-08-07T09:20:00+00:00,2026-08-07,19:20,9,5,14
3,2026-08-07T09:19:00+00:00,2026-08-07,19:19,21,36,57
41,2026-08-07T09:19:00+00:00,2026-08-07,19:19,23,13,36
69,2026-08-07T09:19:00+00:00,2026-08-07,19:19,5,1,6
70,2026-08-07T09:19:00+00:00,2026-08-07,19:19,2,1,3
181,2026-08-07T09:19:00+00:00,2026-08-07,19:19,23,18,41
209,2026-08-07T09:19:00+00:00,2026-08-07,19:19,13,3,16
2,2026-08-07T09:19:00+00:00,2026-08-07,19:19,6,13,19
24,2026-08-07T09:19:00+00:00,2026-08-07,19:19,9,1,10
35,2026-08-07T09:19:00+00:00,2026-08-07,19:19,12,6,18
63,2026-08-07T09:19:00+00:00,2026-08-07,19:19,2,1,3
67,2026-08-07T09:19:00+00:00,2026-08-07,19:19,5,4,9
76,2026-08-07T09:19:00+00:00,2026-08-07,19:19,1,2,3
85,2026-08-07T09:19:00+00:00,2026-08-07,19:19,1,1,2
86,2026-08-07T09:19:00+00:00,2026-08-07,19:19,1,1,2
4,2026-08-07T09:19:00+00:00,2026-08-07,19:19,42,18,60
6,2026-08-07T09:19:00+00:00,2026-08-07,19:19,1,3,4
36,2026-08-07T09:19:00+00:00,2026-08-07,19:19,0,1,1
40,2026-08-07T09:19:00+00:00,2026-08-07,19:19,2,4,6
61,2026-08-07T09:19:00+00:00,2026-08-07,19:19,8,9,17
66,2026-08-07T09:19:00+00:00,2026-08-07,19:19,24,5,29
71,2026-08-07T09:19:00+00:00,2026-08-07,19:19,2,2,4
53,2026-08-07T09:19:00+00:00,2026-08-07,19:19,4,4,8
68,2026-08-07T09:19:00+00:00,2026-08-07,19:19,6,0,6
72,2026-08-07T09:19:00+00:00,2026-08-07,19:19,0,4,4
79,2026-08-07T09:19:00+00:00,2026-08-07,19:19,1,6,7
29,2026-08-07T09:19:00+00:00,2026-08-07,19:19,1,6,7
39,2026-08-07T09:19:00+00:00,2026-08-07,19:19,1,0,1
87,2026-08-07T09:19:00+00:00,2026-08-07,19:19,0,2,2
1,2026-08-07T09:19:00+00:00,2026-08-07,19:19,29,14,43
9,2026-08-07T09:19:00+00:00,2026-08-07,19:19,0,2,2
10,2026-08-07T09:19:00+00:00,2026-08-07,19:19,1,1,2
18,2026-08-07T09:19:00+00:00,2026-08-07,19:19,0,1,1
19,2026-08-07T09:19:00+00:00,2026-08-07,19:19,18,13,31
20,2026-08-07T09:19:00+00:00,2026-08-07,19:19,5,4,9
62,2026-08-07T09:19:00+00:00,2026-08-07,19:19,15,8,23
39,2026-08-07T09:18:00+00:00,2026-08-07,19:18,0,1,1
61,2026-08-07T09:18:00+00:00,2026-08-07,19:18,8,7,15
66,2026-08-07T09:18:00+00:00,2026-08-07,19:18,20,38,58
70,2026-08-07T09:18:00+00:00,2026-08-07,19:18,1,0,1
71,2026-08-07T09:18:00+00:00,2026-08-07,19:18,2,0,2
1,2026-08-07T09:18:00+00:00,2026-08-07,19:18,18,7,25
11,2026-08-07T09:18:00+00:00,2026-08-07,19:18,1,0,1
51,2026-08-07T09:18:00+00:00,2026-08-07,19:18,4,0,4
76,2026-08-07T09:18:00+00:00,2026-08-07,19:18,0,2,2
3,2026-08-07T09:18:00+00:00,2026-08-07,19:18,24,28,52
4,2026-08-07T09:18:00+00:00,2026-08-07,19:18,21,11,32
6,2026-08-07T09:18:00+00:00,2026-08-07,19:18,5,2,7
8,2026-08-07T09:18:00+00:00,2026-08-07,19:18,0,2,2
29,2026-08-07T09:18:00+00:00,2026-08-07,19:18,2,5,7
40,2026-08-07T09:18:00+00:00,2026-08-07,19:18,0,1,1
41,2026-08-07T09:18:00+00:00,2026-08-07,19:18,18,18,36
69,2026-08-07T09:18:00+00:00,2026-08-07,19:18,1,4,5
87,2026-08-07T09:18:00+00:00,2026-08-07,19:18,6,0,6
181,2026-08-07T09:18:00+00:00,2026-08-07,19:18,29,20,49
2,2026-08-07T09:18:00+00:00,2026-08-07,19:18,5,8,13
10,2026-08-07T09:18:00+00:00,2026-08-07,19:18,0,1,1
24,2026-08-07T09:18:00+00:00,2026-08-07,19:18,2,25,27
35,2026-08-07T09:18:00+00:00,2026-08-07,19:18,19,7,26
53,2026-08-07T09:18:00+00:00,2026-08-07,19:18,13,13,26
62,2026-08-07T09:18:00+00:00,2026-08-07,19:18,4,5,9
68,2026-08-07T09:18:00+00:00,2026-08-07,19:18,3,0,3
72,2026-08-07T09:18:00+00:00,2026-08-07,19:18,0,12,12
85,2026-08-07T09:18:00+00:00,2026-08-07,19:18,0,1,1
36,2026-08-07T09:18:00+00:00,2026-08-07,19:18,5,3,8
209,2026-08-07T09:18:00+00:00,2026-08-07,19:18,8,6,14
9,2026-08-07T09:18:00+00:00,2026-08-07,19:18,0,2,2
12,2026-08-07T09:18:00+00:00,2026-08-07,19:18,2,1,3
17,2026-08-07T09:18:00+00:00,2026-08-07,19:18,1,6,7
19,2026-08-07T09:18:00+00:00,2026-08-07,19:18,16,8,24
20,2026-08-07T09:18:00+00:00,2026-08-07,19:18,13,4,17
63,2026-08-07T09:18:00+00:00,2026-08-07,19:18,8,16,24
67,2026-08-07T09:18:00+00:00,2026-08-07,19:18,5,4,9
79,2026-08-07T09:18:00+00:00,2026-08-07,19:18,18,3,21
29,2026-08-07T09:17:00+00:00,2026-08-07,19:17,1,1,2
41,2026-08-07T09:17:00+00:00,2026-08-07,19:17,29,14,43
69,2026-08-07T09:17:00+00:00,2026-08-07,19:17,5,3,8
70,2026-08-07T09:17:00+00:00,2026-08-07,19:17,1,5,6
209,2026-08-07T09:17:00+00:00,2026-08-07,19:17,4,9,13
2,2026-08-07T09:17:00+00:00,2026-08-07,19:17,10,6,16
9,2026-08-07T09:17:00+00:00,2026-08-07,19:17,7,0,7
35,2026-08-07T09:17:00+00:00,2026-08-07,19:17,22,9,31
68,2026-08-07T09:17:00+00:00,2026-08-07,19:17,1,2,3
72,2026-08-07T09:17:00+00:00,2026-08-07,19:17,2,1,3
76,2026-08-07T09:17:00+00:00,2026-08-07,19:17,0,1,1
79,2026-08-07T09:17:00+00:00,2026-08-07,19:17,10,3,13
86,2026-08-07T09:17:00+00:00,2026-08-07,19:17,0,1,1
4,2026-08-07T09:17:00+00:00,2026-08-07,19:17,28,9,37
6,2026-08-07T09:17:00+00:00,2026-08-07,19:17,5,0,5
8,2026-08-07T09:17:00+00:00,2026-08-07,19:17,0,2,2
36,2026-08-07T09:17:00+00:00,2026-08-07,19:17,5,1,6
87,2026-08-07T09:17:00+00:00,2026-08-07,19:17,6,0,6
181,2026-08-07T09:17:00+00:00,2026-08-07,19:17,11,17,28
10,2026-08-07T09:17:00+00:00,2026-08-07,19:17,0,1,1
19,2026-08-07T09:17:00+00:00,2026-08-07,19:17,15,9,24
20,2026-08-07T09:17:00+00:00,2026-08-07,19:17,9,14,23
24,2026-08-07T09:17:00+00:00,2026-08-07,19:17,9,14,23
51,2026-08-07T09:17:00+00:00,2026-08-07,19:17,0,2,2
53,2026-08-07T09:17:00+00:00,2026-08-07,19:17,4,5,9
63,2026-08-07T09:17:00+00:00,2026-08-07,19:17,4,14,18
67,2026-08-07T09:17:00+00:00,2026-08-07,19:17,14,3,17
3,2026-08-07T09:17:00+00:00,2026-08-07,19:17,9,14,23
40,2026-08-07T09:17:00+00:00,2026-08-07,19:17,5,6,11
61,2026-08-07T09:17:00+00:00,2026-08-07,19:17,7,13,20
66,2026-08-07T09:17:00+00:00,2026-08-07,19:17,32,17,49
1,2026-08-07T09:17:00+00:00,2026-08-07,19:17,20,11,31
12,2026-08-07T09:17:00+00:00,2026-08-07,19:17,5,0,5
17,2026-08-07T09:17:00+00:00,2026-08-07,19:17,0,2,2
18,2026-08-07T09:17:00+00:00,2026-08-07,19:17,0,2,2
62,2026-08-07T09:17:00+00:00,2026-08-07,19:17,6,9,15
85,2026-08-07T09:17:00+00:00,2026-08-07,19:17,0,3,3
3,2026-08-07T09:16:00+00:00,2026-08-07,19:16,20,27,47
36,2026-08-07T09:16:00+00:00,2026-08-07,19:16,2,4,6
66,2026-08-07T09:16:00+00:00,2026-08-07,19:16,16,19,35
181,2026-08-07T09:16:00+00:00,2026-08-07,19:16,31,9,40
1,2026-08-07T09:16:00+00:00,2026-08-07,19:16,14,18,32
10,2026-08-07T09:16:00+00:00,2026-08-07,19:16,0,1,1
12,2026-08-07T09:16:00+00:00,2026-08-07,19:16,3,2,5
18,2026-08-07T09:16:00+00:00,2026-08-07,19:16,0,2,2
19,2026-08-07T09:16:00+00:00,2026-08-07,19:16,9,22,31
20,2026-08-07T09:16:00+00:00,2026-08-07,19:16,6,5,11
24,2026-08-07T09:16:00+00:00,2026-08-07,19:16,16,14,30
51,2026-08-07T09:16:00+00:00,2026-08-07,19:16,0,2,2
67,2026-08-07T09:16:00+00:00,2026-08-07,19:16,9,10,19
68,2026-08-07T09:16:00+00:00,2026-08-07,19:16,4,1,5
86,2026-08-07T09:16:00+00:00,2026-08-07,19:16,1,3,4
29,2026-08-07T09:16:00+00:00,2026-08-07,19:16,1,2,3
40,2026-08-07T09:16:00+00:00,2026-08-07,19:16,3,5,8
41,2026-08-07T09:16:00+00:00,2026-08-07,19:16,25,21,46
2,2026-08-07T09:16:00+00:00,2026-08-07,19:16,12,13,25
17,2026-08-07T09:16:00+00:00,2026-08-07,19:16,0,2,2
53,2026-08-07T09:16:00+00:00,2026-08-07,19:16,12,9,21
62,2026-08-07T09:16:00+00:00,2026-08-07,19:16,7,2,9
63,2026-08-07T09:16:00+00:00,2026-08-07,19:16,3,10,13
85,2026-08-07T09:16:00+00:00,2026-08-07,19:16,5,0,5
4,2026-08-07T09:16:00+00:00,2026-08-07,19:16,40,22,62
6,2026-08-07T09:16:00+00:00,2026-08-07,19:16,6,0,6
8,2026-08-07T09:16:00+00:00,2026-08-07,19:16,0,1,1
61,2026-08-07T09:16:00+00:00,2026-08-07,19:16,9,5,14
69,2026-08-07T09:16:00+00:00,2026-08-07,19:16,2,1,3
75,2026-08-07T09:16:00+00:00,2026-08-07,19:16,0,2,2
209,2026-08-07T09:16:00+00:00,2026-08-07,19:16,15,9,24
9,2026-08-07T09:16:00+00:00,2026-08-07,19:16,5,1,6
35,2026-08-07T09:16:00+00:00,2026-08-07,19:16,9,11,20
72,2026-08-07T09:16:00+00:00,2026-08-07,19:16,1,0,1
79,2026-08-07T09:16:00+00:00,2026-08-07,19:16,3,6,9
36,2026-08-07T09:15:00+00:00,2026-08-07,19:15,0,1,1
44,2026-08-07T09:15:00+00:00,2026-08-07,19:15,4,14,18
45,2026-08-07T09:15:00+00:00,2026-08-07,19:15,69,110,179
70,2026-08-07T09:15:00+00:00,2026-08-07,19:15,3,8,11
143,2026-08-07T09:15:00+00:00,2026-08-07,19:15,16,20,36
162,2026-08-07T09:15:00+00:00,2026-08-07,19:15,29,29,58
167,2026-08-07T09:15:00+00:00,2026-08-07,19:15,2,4,6
184,2026-08-07T09:15:00+00:00,2026-08-07,19:15,58,91,149
12,2026-08-07T09:15:00+00:00,2026-08-07,19:15,0,2,2
20,2026-08-07T09:15:00+00:00,2026-08-07,19:15,12,0,12
30,2026-08-07T09:15:00+00:00,2026-08-07,19:15,44,38,82
46,2026-08-07T09:15:00+00:00,2026-08-07,19:15,5,0,5
48,2026-08-07T09:15:00+00:00,2026-08-07,19:15,13,12,25
58,2026-08-07T09:15:00+00:00,2026-08-07,19:15,49,48,97
63,2026-08-07T09:15:00+00:00,2026-08-07,19:15,5,2,7
68,2026-08-07T09:15:00+00:00,2026-08-07,19:15,2,2,4
86,2026-08-07T09:15:00+00:00,2026-08-07,19:15,0,1,1
109,2026-08-07T09:15:00+00:00,2026-08-07,19:15,3,8,11
130,2026-08-07T09:15:00+00:00,2026-08-07,19:15,1,0,1
139,2026-08-07T09:15:00+00:00,2026-08-07,19:15,5,1,6
141,2026-08-07T09:15:00+00:00,2026-08-07,19:15,7,17,24
3,2026-08-07T09:15:00+00:00,2026-08-07,19:15,35,25,60
5,2026-08-07T09:15:00+00:00,2026-08-07,19:15,51,157,208
21,2026-08-07T09:15:00+00:00,2026-08-07,19:15,52,44,96
39,2026-08-07T09:15:00+00:00,2026-08-07,19:15,3,0,3
40,2026-08-07T09:15:00+00:00,2026-08-07,19:15,0,2,2
43,2026-08-07T09:15:00+00:00,2026-08-07,19:15,2,19,21
59,2026-08-07T09:15:00+00:00,2026-08-07,19:15,75,63,138
66,2026-08-07T09:15:00+00:00,2026-08-07,19:15,15,30,45
69,2026-08-07T09:15:00+00:00,2026-08-07,19:15,7,2,9
75,2026-08-07T09:15:00+00:00,2026-08-07,19:15,1,2,3
87,2026-08-07T09:15:00+00:00,2026-08-07,19:15,1,3,4
118,2026-08-07T09:15:00+00:00,2026-08-07,19:15,1,0,1
131,2026-08-07T09:15:00+00:00,2026-08-07,19:15,5,9,14
133,2026-08-07T09:15:00+00:00,2026-08-07,19:15,50,49,99
134,2026-08-07T09:15:00+00:00,2026-08-07,19:15,45,29,74
135,2026-08-07T09:15:00+00:00,2026-08-07,19:15,36,30,66
166,2026-08-07T09:15:00+00:00,2026-08-07,19:15,4,5,9
179,2026-08-07T09:15:00+00:00,2026-08-07,19:15,5,6,11
182,2026-08-07T09:15:00+00:00,2026-08-07,19:15,30,20,50
185,2026-08-07T09:15:00+00:00,2026-08-07,19:15,58,48,106
9,2026-08-07T09:15:00+00:00,2026-08-07,19:15,4,0,4
11,2026-08-07T09:15:00+00:00,2026-08-07,19:15,16,9,25
17,2026-08-07T09:15:00+00:00,2026-08-07,19:15,1,5,6
19,2026-08-07T09:15:00+00:00,2026-08-07,19:15,20,12,32
24,2026-08-07T09:15:00+00:00,2026-08-07,19:15,6,8,14
25,2026-08-07T09:15:00+00:00,2026-08-07,19:15,27,36,63
49,2026-08-07T09:15:00+00:00,2026-08-07,19:15,23,22,45
53,2026-08-07T09:15:00+00:00,2026-08-07,19:15,8,8,16
62,2026-08-07T09:15:00+00:00,2026-08-07,19:15,7,8,15
67,2026-08-07T09:15:00+00:00,2026-08-07,19:15,2,15,17
79,2026-08-07T09:15:00+00:00,2026-08-07,19:15,4,1,5
117,2026-08-07T09:15:00+00:00,2026-08-07,19:15,4,12,16
164,2026-08-07T09:15:00+00:00,2026-08-07,19:15,10,14,24
4,2026-08-07T09:15:00+00:00,2026-08-07,19:15,39,26,65
6,2026-08-07T09:15:00+00:00,2026-08-07,19:15,3,4,7
29,2026-08-07T09:15:00+00:00,2026-08-07,19:15,4,10,14
41,2026-08-07T09:15:00+00:00,2026-08-07,19:15,27,21,48
47,2026-08-07T09:15:00+00:00,2026-08-07,19:15,82,71,153
54,2026-08-07T09:15:00+00:00,2026-08-07,19:15,17,16,33
61,2026-08-07T09:15:00+00:00,2026-08-07,19:15,9,20,29
77,2026-08-07T09:15:00+00:00,2026-08-07,19:15,16,11,27
84,2026-08-07T09:15:00+00:00,2026-08-07,19:15,60,70,130
107,2026-08-07T09:15:00+00:00,2026-08-07,19:15,6,13,19
132,2026-08-07T09:15:00+00:00,2026-08-07,19:15,4,20,24
165,2026-08-07T09:15:00+00:00,2026-08-07,19:15,5,2,7
181,2026-08-07T09:15:00+00:00,2026-08-07,19:15,8,23,31
209,2026-08-07T09:15:00+00:00,2026-08-07,19:15,10,16,26
1,2026-08-07T09:15:00+00:00,2026-08-07,19:15,12,14,26
2,2026-08-07T09:15:00+00:00,2026-08-07,19:15,8,4,12
23,2026-08-07T09:15:00+00:00,2026-08-07,19:15,4,16,20
27,2026-08-07T09:15:00+00:00,2026-08-07,19:15,11,17,28
35,2026-08-07T09:15:00+00:00,2026-08-07,19:15,8,10,18
51,2026-08-07T09:15:00+00:00,2026-08-07,19:15,5,0,5
72,2026-08-07T09:15:00+00:00,2026-08-07,19:15,1,3,4
76,2026-08-07T09:15:00+00:00,2026-08-07,19:15,2,0,2
142,2026-08-07T09:15:00+00:00,2026-08-07,19:15,66,31,97
161,2026-08-07T09:15:00+00:00,2026-08-07,19:15,1,3,4
8,2026-08-07T09:14:00+00:00,2026-08-07,19:14,2,0,2
41,2026-08-07T09:14:00+00:00,2026-08-07,19:14,17,9,26
66,2026-08-07T09:14:00+00:00,2026-08-07,19:14,26,43,69
9,2026-08-07T09:14:00+00:00,2026-08-07,19:14,3,0,3
12,2026-08-07T09:14:00+00:00,2026-08-07,19:14,2,0,2
67,2026-08-07T09:14:00+00:00,2026-08-07,19:14,13,8,21
68,2026-08-07T09:14:00+00:00,2026-08-07,19:14,1,0,1
3,2026-08-07T09:14:00+00:00,2026-08-07,19:14,22,41,63
4,2026-08-07T09:14:00+00:00,2026-08-07,19:14,27,15,42
29,2026-08-07T09:14:00+00:00,2026-08-07,19:14,0,2,2
40,2026-08-07T09:14:00+00:00,2026-08-07,19:14,0,5,5
61,2026-08-07T09:14:00+00:00,2026-08-07,19:14,3,1,4
69,2026-08-07T09:14:00+00:00,2026-08-07,19:14,1,0,1
75,2026-08-07T09:14:00+00:00,2026-08-07,19:14,0,1,1
87,2026-08-07T09:14:00+00:00,2026-08-07,19:14,3,2,5
181,2026-08-07T09:14:00+00:00,2026-08-07,19:14,16,16,32
2,2026-08-07T09:14:00+00:00,2026-08-07,19:14,15,12,27
10,2026-08-07T09:14:00+00:00,2026-08-07,19:14,1,0,1
11,2026-08-07T09:14:00+00:00,2026-08-07,19:14,1,0,1
17,2026-08-07T09:14:00+00:00,2026-08-07,19:14,4,2,6
19,2026-08-07T09:14:00+00:00,2026-08-07,19:14,15,14,29
63,2026-08-07T09:14:00+00:00,2026-08-07,19:14,7,11,18
6,2026-08-07T09:14:00+00:00,2026-08-07,19:14,2,7,9
36,2026-08-07T09:14:00+00:00,2026-08-07,19:14,3,4,7
39,2026-08-07T09:14:00+00:00,2026-08-07,19:14,2,0,2
70,2026-08-07T09:14:00+00:00,2026-08-07,19:14,2,4,6
209,2026-08-07T09:14:00+00:00,2026-08-07,19:14,4,8,12
1,2026-08-07T09:14:00+00:00,2026-08-07,19:14,13,9,22
20,2026-08-07T09:14:00+00:00,2026-08-07,19:14,7,8,15
24,2026-08-07T09:14:00+00:00,2026-08-07,19:14,6,21,27
35,2026-08-07T09:14:00+00:00,2026-08-07,19:14,6,10,16
51,2026-08-07T09:14:00+00:00,2026-08-07,19:14,1,3,4
53,2026-08-07T09:14:00+00:00,2026-08-07,19:14,2,9,11
62,2026-08-07T09:14:00+00:00,2026-08-07,19:14,3,5,8
72,2026-08-07T09:14:00+00:00,2026-08-07,19:14,1,10,11
79,2026-08-07T09:14:00+00:00,2026-08-07,19:14,6,7,13
8,2026-08-07T09:13:00+00:00,2026-08-07,19:13,0,1,1
29,2026-08-07T09:13:00+00:00,2026-08-07,19:13,2,4,6
36,2026-08-07T09:13:00+00:00,2026-08-07,19:13,1,1,2
40,2026-08-07T09:13:00+00:00,2026-08-07,19:13,1,2,3
41,2026-08-07T09:13:00+00:00,2026-08-07,19:13,34,23,57
61,2026-08-07T09:13:00+00:00,2026-08-07,19:13,9,11,20
70,2026-08-07T09:13:00+00:00,2026-08-07,19:13,3,4,7
75,2026-08-07T09:13:00+00:00,2026-08-07,19:13,2,1,3
87,2026-08-07T09:13:00+00:00,2026-08-07,19:13,3,1,4
2,2026-08-07T09:13:00+00:00,2026-08-07,19:13,5,12,17
11,2026-08-07T09:13:00+00:00,2026-08-07,19:13,1,0,1
20,2026-08-07T09:13:00+00:00,2026-08-07,19:13,7,0,7
24,2026-08-07T09:13:00+00:00,2026-08-07,19:13,14,9,23
63,2026-08-07T09:13:00+00:00,2026-08-07,19:13,3,4,7
67,2026-08-07T09:13:00+00:00,2026-08-07,19:13,4,2,6
3,2026-08-07T09:13:00+00:00,2026-08-07,19:13,25,17,42
6,2026-08-07T09:13:00+00:00,2026-08-07,19:13,1,5,6
39,2026-08-07T09:13:00+00:00,2026-08-07,19:13,0,1,1
66,2026-08-07T09:13:00+00:00,2026-08-07,19:13,32,9,41
69,2026-08-07T09:13:00+00:00,2026-08-07,19:13,0,2,2
1,2026-08-07T09:13:00+00:00,2026-08-07,19:13,10,11,21
10,2026-08-07T09:13:00+00:00,2026-08-07,19:13,2,0,2
35,2026-08-07T09:13:00+00:00,2026-08-07,19:13,16,10,26
62,2026-08-07T09:13:00+00:00,2026-08-07,19:13,0,7,7
68,2026-08-07T09:13:00+00:00,2026-08-07,19:13,1,2,3
76,2026-08-07T09:13:00+00:00,2026-08-07,19:13,1,1,2
79,2026-08-07T09:13:00+00:00,2026-08-07,19:13,1,4,5
85,2026-08-07T09:13:00+00:00,2026-08-07,19:13,1,0,1
86,2026-08-07T09:13:00+00:00,2026-08-07,19:13,0,1,1
4,2026-08-07T09:13:00+00:00,2026-08-07,19:13,34,20,54
181,2026-08-07T09:13:00+00:00,2026-08-07,19:13,17,20,37
209,2026-08-07T09:13:00+00:00,2026-08-07,19:13,24,16,40
9,2026-08-07T09:13:00+00:00,2026-08-07,19:13,1,0,1
12,2026-08-07T09:13:00+00:00,2026-08-07,19:13,0,1,1
17,2026-08-07T09:13:00+00:00,2026-08-07,19:13,2,0,2
19,2026-08-07T09:13:00+00:00,2026-08-07,19:13,28,7,35
51,2026-08-07T09:13:00+00:00,2026-08-07,19:13,1,0,1
53,2026-08-07T09:13:00+00:00,2026-08-07,19:13,20,5,25
72,2026-08-07T09:13:00+00:00,2026-08-07,19:13,2,6,8
29,2026-08-07T09:12:00+00:00,2026-08-07,19:12,5,8,13
36,2026-08-07T09:12:00+00:00,2026-08-07,19:12,0,2,2
40,2026-08-07T09:12:00+00:00,2026-08-07,19:12,4,4,8
61,2026-08-07T09:12:00+00:00,2026-08-07,19:12,2,11,13
87,2026-08-07T09:12:00+00:00,2026-08-07,19:12,2,3,5
181,2026-08-07T09:12:00+00:00,2026-08-07,19:12,33,21,54
2,2026-08-07T09:12:00+00:00,2026-08-07,19:12,8,10,18
19,2026-08-07T09:12:00+00:00,2026-08-07,19:12,19,12,31
24,2026-08-07T09:12:00+00:00,2026-08-07,19:12,15,5,20
53,2026-08-07T09:12:00+00:00,2026-08-07,19:12,9,1,10
86,2026-08-07T09:12:00+00:00,2026-08-07,19:12,5,0,5
3,2026-08-07T09:12:00+00:00,2026-08-07,19:12,17,39,56
4,2026-08-07T09:12:00+00:00,2026-08-07,19:12,24,24,48
6,2026-08-07T09:12:00+00:00,2026-08-07,19:12,1,8,9
70,2026-08-07T09:12:00+00:00,2026-08-07,19:12,2,0,2
71,2026-08-07T09:12:00+00:00,2026-08-07,19:12,0,8,8
17,2026-08-07T09:12:00+00:00,2026-08-07,19:12,1,12,13
20,2026-08-07T09:12:00+00:00,2026-08-07,19:12,0,7,7
62,2026-08-07T09:12:00+00:00,2026-08-07,19:12,4,3,7
72,2026-08-07T09:12:00+00:00,2026-08-07,19:12,3,13,16
79,2026-08-07T09:12:00+00:00,2026-08-07,19:12,7,3,10
85,2026-08-07T09:12:00+00:00,2026-08-07,19:12,1,2,3
39,2026-08-07T09:12:00+00:00,2026-08-07,19:12,0,1,1
41,2026-08-07T09:12:00+00:00,2026-08-07,19:12,32,15,47
66,2026-08-07T09:12:00+00:00,2026-08-07,19:12,23,33,56
69,2026-08-07T09:12:00+00:00,2026-08-07,19:12,1,5,6
209,2026-08-07T09:12:00+00:00,2026-08-07,19:12,9,2,11
1,2026-08-07T09:12:00+00:00,2026-08-07,19:12,21,5,26
9,2026-08-07T09:12:00+00:00,2026-08-07,19:12,2,0,2
12,2026-08-07T09:12:00+00:00,2026-08-07,19:12,2,2,4
18,2026-08-07T09:12:00+00:00,2026-08-07,19:12,1,0,1
35,2026-08-07T09:12:00+00:00,2026-08-07,19:12,11,13,24
51,2026-08-07T09:12:00+00:00,2026-08-07,19:12,1,4,5
63,2026-08-07T09:12:00+00:00,2026-08-07,19:12,12,11,23
67,2026-08-07T09:12:00+00:00,2026-08-07,19:12,8,2,10
68,2026-08-07T09:12:00+00:00,2026-08-07,19:12,3,0,3
29,2026-08-07T09:11:00+00:00,2026-08-07,19:11,1,6,7
41,2026-08-07T09:11:00+00:00,2026-08-07,19:11,11,17,28
87,2026-08-07T09:11:00+00:00,2026-08-07,19:11,2,1,3
9,2026-08-07T09:11:00+00:00,2026-08-07,19:11,3,3,6
11,2026-08-07T09:11:00+00:00,2026-08-07,19:11,3,0,3
12,2026-08-07T09:11:00+00:00,2026-08-07,19:11,1,2,3
17,2026-08-07T09:11:00+00:00,2026-08-07,19:11,0,1,1
19,2026-08-07T09:11:00+00:00,2026-08-07,19:11,10,13,23
20,2026-08-07T09:11:00+00:00,2026-08-07,19:11,9,26,35
51,2026-08-07T09:11:00+00:00,2026-08-07,19:11,1,0,1
63,2026-08-07T09:11:00+00:00,2026-08-07,19:11,15,5,20
68,2026-08-07T09:11:00+00:00,2026-08-07,19:11,1,2,3
79,2026-08-07T09:11:00+00:00,2026-08-07,19:11,2,6,8
3,2026-08-07T09:11:00+00:00,2026-08-07,19:11,20,20,40
6,2026-08-07T09:11:00+00:00,2026-08-07,19:11,4,4,8
39,2026-08-07T09:11:00+00:00,2026-08-07,19:11,0,2,2
61,2026-08-07T09:11:00+00:00,2026-08-07,19:11,8,10,18
66,2026-08-07T09:11:00+00:00,2026-08-07,19:11,17,39,56
209,2026-08-07T09:11:00+00:00,2026-08-07,19:11,9,2,11
1,2026-08-07T09:11:00+00:00,2026-08-07,19:11,13,11,24
2,2026-08-07T09:11:00+00:00,2026-08-07,19:11,6,8,14
10,2026-08-07T09:11:00+00:00,2026-08-07,19:11,1,0,1
24,2026-08-07T09:11:00+00:00,2026-08-07,19:11,3,7,10
53,2026-08-07T09:11:00+00:00,2026-08-07,19:11,9,0,9
76,2026-08-07T09:11:00+00:00,2026-08-07,19:11,0,1,1
4,2026-08-07T09:11:00+00:00,2026-08-07,19:11,19,32,51
36,2026-08-07T09:11:00+00:00,2026-08-07,19:11,1,4,5
40,2026-08-07T09:11:00+00:00,2026-08-07,19:11,7,5,12
69,2026-08-07T09:11:00+00:00,2026-08-07,19:11,1,3,4
70,2026-08-07T09:11:00+00:00,2026-08-07,19:11,1,10,11
181,2026-08-07T09:11:00+00:00,2026-08-07,19:11,17,19,36
35,2026-08-07T09:11:00+00:00,2026-08-07,19:11,11,10,21
62,2026-08-07T09:11:00+00:00,2026-08-07,19:11,11,3,14
67,2026-08-07T09:11:00+00:00,2026-08-07,19:11,7,4,11
72,2026-08-07T09:11:00+00:00,2026-08-07,19:11,3,11,14
86,2026-08-07T09:11:00+00:00,2026-08-07,19:11,0,1,1
4,2026-08-07T09:10:00+00:00,2026-08-07,19:10,24,25,49
6,2026-08-07T09:10:00+00:00,2026-08-07,19:10,4,1,5
40,2026-08-07T09:10:00+00:00,2026-08-07,19:10,0,6,6
43,2026-08-07T09:10:00+00:00,2026-08-07,19:10,5,3,8
59,2026-08-07T09:10:00+00:00,2026-08-07,19:10,64,64,128
70,2026-08-07T09:10:00+00:00,2026-08-07,19:10,1,9,10
143,2026-08-07T09:10:00+00:00,2026-08-07,19:10,9,13,22
167,2026-08-07T09:10:00+00:00,2026-08-07,19:10,0,2,2
185,2026-08-07T09:10:00+00:00,2026-08-07,19:10,83,58,141
25,2026-08-07T09:10:00+00:00,2026-08-07,19:10,44,23,67
46,2026-08-07T09:10:00+00:00,2026-08-07,19:10,5,2,7
49,2026-08-07T09:10:00+00:00,2026-08-07,19:10,22,28,50
51,2026-08-07T09:10:00+00:00,2026-08-07,19:10,1,3,4
58,2026-08-07T09:10:00+00:00,2026-08-07,19:10,49,23,72
62,2026-08-07T09:10:00+00:00,2026-08-07,19:10,6,5,11
68,2026-08-07T09:10:00+00:00,2026-08-07,19:10,2,0,2
72,2026-08-07T09:10:00+00:00,2026-08-07,19:10,3,3,6
117,2026-08-07T09:10:00+00:00,2026-08-07,19:10,11,7,18
137,2026-08-07T09:10:00+00:00,2026-08-07,19:10,5,3,8
141,2026-08-07T09:10:00+00:00,2026-08-07,19:10,13,18,31
164,2026-08-07T09:10:00+00:00,2026-08-07,19:10,4,1,5
8,2026-08-07T09:10:00+00:00,2026-08-07,19:10,0,1,1
21,2026-08-07T09:10:00+00:00,2026-08-07,19:10,44,35,79
41,2026-08-07T09:10:00+00:00,2026-08-07,19:10,25,16,41
